Name,Age,Gender,Country,Course
David Sims,20,Male,USA,Literature
Robert Walton,26,Female,India,Psychology
Kyle Benson,23,Male,Canada,Physics
Jack Patrick,21,Female,Japan,Mathematics
Jerry Pittman,22,Male,USA,Chemistry
Melissa Walker,25,Other,Australia,Engineering
Karen Saunders,28,Male,India,Mathematics
Julia Haney,26,Female,Canada,Physics
Julie Jackson,19,Female,Brazil,Chemistry
Anthony Wood,18,Female,Canada,Physics
Stephen Hernandez,22,Female,Japan,Economics
Stephanie Patton,26,Other,South Korea,Biology
Joseph Shelton,19,Male,Japan,Mathematics
Kent Martin,24,Female,UK,Psychology
Scott Parks,18,Other,India,Literature
Gloria James,25,Male,Canada,Computer Science
Ronnie Garner,23,Female,France,Economics
Miguel Martinez,22,Male,Canada,Literature
Jessica Glover,28,Other,India,Physics
Janice Green,23,Male,Brazil,Economics
Gregory Mendoza,20,Male,South Korea,Biology
Zachary Lloyd,19,Other,USA,Literature
Anthony Hood,23,Other,Canada,Biology
Cynthia Robinson,23,Female,Canada,Chemistry
Amber Newton,22,Female,Japan,Economics
Jennifer Knox,30,Other,India,Computer Science
Lisa Lewis,22,Other,USA,Psychology
Jill Allison,27,Female,France,Literature
Faith Henderson,18,Male,Australia,Physics
Timothy Rogers,30,Male,Japan,Chemistry
Nina Tyler,24,Other,France,Economics
Rachel Jones,29,Other,UK,Chemistry
Jason Foster,22,Female,Canada,Engineering
Felicia Alvarez,24,Other,France,Mathematics
Susan Watkins,18,Female,USA,Mathematics
Sean Sherman,24,Other,USA,History
Robert Houston,24,Male,France,Literature
Gabriel Rush,29,Female,Germany,Physics
Ernest Hendricks,23,Male,Australia,Chemistry
Barbara Ward,28,Other,USA,Physics
Melissa White,25,Female,France,Physics
Rebecca Coleman,24,Female,UK,Computer Science
Lisa Roberts,26,Female,USA,Economics
Sherry Payne,22,Male,Canada,Biology
Guy Sanchez,23,Female,Australia,Engineering
Victoria Cox,21,Male,South Korea,Economics
Abigail Johnson,18,Male,Australia,Computer Science
Eric Howard,24,Other,USA,Chemistry
Michelle Morrison,25,Female,Brazil,Economics
Angela Watkins,20,Female,Canada,Computer Science
Ray Silva,27,Female,Germany,Physics
Randy Tucker,25,Other,India,Economics
Laura Mcintosh,22,Male,Australia,Mathematics
Crystal Lopez,23,Other,Canada,Literature
Nicholas Clark,22,Other,Germany,Computer Science
Linda Jenkins,28,Male,Australia,Chemistry
Donna Cooper,20,Other,Germany,Chemistry
Katherine Kirk,30,Female,South Korea,Mathematics
Shawn Hodge,26,Female,UK,Engineering
Adam Nunez,22,Male,France,Computer Science
Robert Roberts,21,Other,Brazil,Economics
Carol Robinson,28,Other,Canada,Mathematics
Richard Morris,22,Male,Japan,Chemistry
Melissa Nguyen,27,Male,France,History
Tamara Chavez,23,Male,Germany,Mathematics
Jeffery Douglas,24,Male,France,Chemistry
Susan Garcia,22,Male,France,Psychology
Chad Wilson,26,Female,Canada,Mathematics
Justin Hickman,22,Female,Germany,Physics
Anne Evans,29,Other,Brazil,Physics
Adrian Hardin,30,Male,Canada,Computer Science
Brandon Coleman,27,Other,USA,Psychology
Sonya Harris,24,Other,France,Biology
Margaret Campbell,20,Female,Canada,Physics
Travis White,26,Female,Germany,Psychology
Deborah Camacho,22,Other,Brazil,Psychology
Stephanie Hernandez,28,Female,Germany,Physics
Linda Wilson,18,Female,India,Chemistry
Donna Williams,27,Other,UK,Economics
Virginia Cole,22,Male,Germany,Mathematics
Robin Villa,19,Male,South Korea,Chemistry
Casey Mckinney,24,Male,USA,Computer Science
David Vaughn,20,Female,Brazil,Biology
Dr. Maria Conway,29,Other,India,Psychology
Victoria Hughes,19,Male,USA,Engineering
Kristin Velasquez,27,Other,South Korea,Literature
Bryan Gentry,27,Other,Australia,Literature
David Brooks,19,Female,UK,Physics
Eric Rosario,19,Male,Brazil,Engineering
Johnny Winters,28,Male,France,Physics
Michelle Gomez,27,Other,UK,Engineering
Julia Anderson,27,Male,South Korea,Physics
Kayla Todd,23,Other,UK,History
Tracy Barber,23,Other,Brazil,Mathematics
Katherine Keith,24,Male,Australia,Biology
James Brown,22,Male,India,Engineering
Christopher Lara,30,Female,Germany,Computer Science
Erika Mejia,23,Male,India,Economics
Sandra Dunlap,19,Male,Canada,History
John Walker,20,Female,Canada,Biology
Joshua Wade,28,Male,USA,Economics
Steven Doyle,28,Other,South Korea,Biology
Tammy Smith,26,Other,Brazil,Psychology
David Lane,30,Female,USA,Engineering
Henry Gardner,30,Other,Germany,Mathematics
Cassie Nixon,19,Other,France,Economics
Michael Thompson,23,Female,Brazil,Psychology
Barbara Gregory,27,Other,UK,Literature
Rebecca Burns,24,Other,Canada,Engineering
George Sparks,18,Male,France,Chemistry
Justin Mcdonald,19,Other,South Korea,Biology
Dustin May Jr.,22,Female,India,Psychology
Scott Wilson,24,Other,France,Literature
Bianca Wang,24,Other,Germany,Engineering
Thomas Rios,24,Male,USA,Economics
Brian Fields MD,20,Male,USA,Literature
Ashley Evans,29,Female,UK,Physics
Alexandra Aguilar,29,Female,Australia,Literature
Brian Wong,20,Female,South Korea,Mathematics
Victoria Robinson,19,Female,Australia,Engineering
James Perkins,21,Male,UK,Physics
Scott Stevenson,27,Female,Australia,Mathematics
Danielle Phillips,28,Female,Brazil,Psychology
Craig Wright MD,28,Male,USA,Mathematics
Meghan Garcia,26,Male,Japan,Psychology
Paul Zhang,23,Other,India,Biology
Michael Reilly,22,Other,UK,Engineering
William Nguyen,28,Male,USA,History
Tracy Ellis,25,Male,France,Engineering
Joseph Chandler,30,Male,UK,History
William Lopez,27,Other,Canada,History
Karina Allen,24,Female,USA,History
Crystal Rice,24,Male,France,Chemistry
Amber Cole,18,Male,Australia,Computer Science
Robert Hoover,30,Female,UK,Physics
Timothy Larsen,19,Male,Canada,Computer Science
Kenneth Hernandez,18,Other,Japan,Biology
Amanda Patterson,30,Male,USA,Chemistry
Ryan Fleming,20,Male,South Korea,Psychology
Tony Russell,24,Other,India,Biology
Christopher Levy,22,Other,Japan,Mathematics
Anthony Williams,27,Female,South Korea,Computer Science
Mark Williams,20,Other,UK,History
Damon Romero,24,Other,Australia,Economics
Ryan Hutchinson,18,Other,India,Engineering
Patricia Young,27,Male,UK,Chemistry
Shelby Hooper,21,Male,Brazil,Economics
Destiny Gordon,25,Female,Australia,Chemistry
James Larson,18,Female,USA,Economics
Kelly Cervantes,29,Male,Germany,Economics
Brandon Mclaughlin MD,19,Female,Japan,Biology
Jeremy Maldonado,20,Female,India,History
Natalie Vazquez,25,Male,South Korea,Psychology
Juan Murphy,30,Female,South Korea,Chemistry
Stefanie Bailey,24,Other,Canada,Psychology
Taylor Arnold,22,Female,Brazil,Engineering
Norma Stewart,18,Female,Brazil,Mathematics
Mr. Brett Juarez,28,Female,Australia,Literature
Kristina Long,29,Other,South Korea,Computer Science
Mary Joseph,25,Other,UK,Mathematics
Sheri Duncan,23,Female,Japan,Economics
Christopher Robertson,30,Female,UK,Engineering
Jennifer Valdez,29,Male,Germany,Mathematics
Aaron Roy,29,Male,UK,History
Yvette Craig,19,Female,South Korea,Mathematics
John Martin,22,Other,Canada,Economics
Ruben Brown,20,Male,USA,Psychology
John Smith,21,Other,France,Chemistry
Michael May,24,Male,South Korea,Engineering
Jennifer Martinez,18,Female,France,Engineering
Shannon Scott,20,Male,Japan,Psychology
Angela Huerta,28,Female,Japan,History
Lindsey Jones,20,Other,France,Computer Science
Kristy Paul,29,Female,France,History
Regina Shaw,25,Male,Australia,Mathematics
Russell Bennett,22,Male,Brazil,Psychology
Bill Carpenter,24,Male,Germany,Biology
Jennifer Alvarado,29,Female,South Korea,Mathematics
Amy Stephens,25,Other,Japan,Literature
Jill Baker,30,Other,UK,Economics
Suzanne Perkins,20,Female,Germany,Physics
Emma Hill,26,Male,Japan,Physics
Tina Adams,20,Male,Brazil,Physics
Matthew Lane,23,Male,Australia,Literature
Arthur Holland,29,Male,South Korea,Computer Science
Cheryl Mason,22,Male,India,Chemistry
William Russell,26,Female,Germany,Engineering
Savannah Davis,23,Other,India,Biology
Jeffrey Harris,25,Other,USA,Literature
Cassandra Cole,20,Female,Canada,Economics
Molly Delgado,23,Female,South Korea,Computer Science
Kayla Patel DDS,21,Male,Canada,Mathematics
Kevin Munoz,21,Male,USA,Economics
Justin Booth,19,Male,Brazil,Computer Science
Jennifer Stevens,22,Male,France,Literature
Tracy Crawford,18,Other,Australia,Computer Science
Kevin Marquez,23,Female,USA,Physics
Kevin Wise,18,Female,India,Biology
Melinda Woodard,30,Male,France,Literature
Glenda Baxter,30,Other,Canada,Economics
Christina Beasley,25,Male,France,Chemistry
Richard White,20,Female,India,Economics
John Johnson,18,Female,India,History
David Mullins,24,Female,Australia,Engineering
Cynthia Marquez,26,Female,Japan,Literature
Jennifer Sharp,22,Male,Australia,Biology
Ryan Simmons,20,Female,Canada,History
Emily Martinez,29,Other,USA,Mathematics
Gary Henry,24,Other,India,Economics
Joshua Hunt,29,Male,Brazil,Psychology
Lindsey Harris DDS,20,Male,Japan,Engineering
Megan Campbell,23,Female,South Korea,Literature
Paul Fuller,23,Other,UK,Chemistry
Meghan Rios,25,Male,India,Computer Science
Danielle Kennedy,28,Male,Australia,Biology
Rhonda Cole,24,Other,UK,Economics
Carly Hamilton,30,Male,France,Economics
Steven Johnson,27,Female,USA,Literature
Lisa Carr,28,Other,South Korea,Physics
Sylvia Thomas,30,Female,USA,Physics
Anna Garcia,22,Male,Australia,Mathematics
Amanda Ramirez,19,Female,South Korea,Psychology
Alyssa Shelton,29,Other,France,History
Rachel Davis,26,Other,Canada,Biology
Jeffrey Smith,20,Other,Australia,History
Robert Banks,30,Other,UK,Chemistry
Timothy Romero,19,Male,South Korea,Physics
Tracy Gonzales,28,Male,Japan,Chemistry
John Braun,18,Other,Japan,History
Mary Brown,25,Male,France,Computer Science
Michael Randall DDS,18,Other,France,Computer Science
Daniel Gonzales,20,Other,India,Chemistry
Elizabeth Cooley,27,Other,Brazil,Physics
Lori Murray,23,Female,UK,Computer Science
Joshua Anderson,22,Male,UK,Physics
Rebecca Gonzalez,27,Other,South Korea,Chemistry
Mary Hamilton,21,Female,Japan,Physics
Richard Spencer,28,Male,South Korea,Economics
Allen Carpenter,24,Male,USA,Economics
Rebecca Young,25,Female,France,Mathematics
Melissa Wagner,25,Female,USA,Economics
Sarah Ball,28,Female,Brazil,Psychology
John Hays,21,Female,France,Economics
Shelby Ramos MD,27,Female,Japan,Mathematics
Amanda Green MD,19,Other,UK,Physics
Ashley Ray,22,Male,Brazil,Physics
Lauren Galvan,27,Female,UK,Mathematics
Nicole Sawyer,28,Other,India,Economics
Cynthia Cooley,18,Male,South Korea,Computer Science
Mary Mooney,22,Other,Australia,Engineering
Charles Allen,21,Male,Brazil,Computer Science
Gloria Williams,19,Male,Brazil,Physics
Steven Bauer,26,Female,South Korea,History
Melissa Wilson MD,24,Male,Germany,Economics
Patrick Johnson,18,Male,India,Engineering
Lance Smith,18,Other,South Korea,Engineering
Ricky Jackson,24,Male,South Korea,Literature
Tracy Spencer,21,Other,South Korea,Chemistry
Daniel Wright,21,Other,Japan,Psychology
Melissa Santos,20,Male,Germany,Chemistry
Amy Galloway,24,Other,USA,Economics
Garrett Brown,28,Male,Canada,Biology
Laura Peters,20,Female,USA,Computer Science
Julia Cowan,18,Female,Canada,Literature
Richard Arnold,30,Female,UK,Biology
Jamie Clements,19,Male,Germany,Psychology
Jorge Hill,30,Male,Australia,Chemistry
Steven Green,29,Male,Canada,Literature
Mark Hernandez,23,Other,Brazil,Literature
Rebecca Ruiz,30,Female,Canada,Literature
Tim Johnston,23,Other,UK,Mathematics
Adam Henry,18,Male,Brazil,Mathematics
Janet Taylor,24,Female,India,Literature
Tyler Jacobson,28,Other,Japan,Biology
Margaret Jennings MD,20,Other,Germany,Engineering
Mariah Morrison,24,Female,South Korea,Physics
Robin Trujillo,22,Other,Japan,Economics
Arthur Martinez,29,Other,France,Computer Science
Donald Dorsey,21,Male,UK,Physics
Jamie Graham,19,Male,Australia,Psychology
Gary Casey,25,Male,UK,Literature
Mary Greer,30,Other,France,Psychology
Joshua Newman,19,Male,Germany,Physics
Rodney Frazier,24,Male,India,Mathematics
Heidi Stanton,23,Other,Japan,History
Ruth Hernandez,25,Other,India,Engineering
James Washington,29,Male,India,Biology
Jason Ryan,20,Other,Canada,Physics
Jeffrey Peterson,27,Male,UK,History
Crystal Serrano,18,Male,Japan,History
Elizabeth James,19,Male,USA,Engineering
Michele White,26,Male,UK,History
Christian Lewis,19,Female,USA,Mathematics
Heather Lindsey,19,Female,Japan,History
Joshua King,22,Male,France,Computer Science
Courtney Green,18,Other,Japan,Physics
Richard Miller,25,Male,Australia,History
Linda Rose,22,Female,USA,Literature
Cathy Young,23,Other,Australia,Engineering
Tracy Rivera,24,Female,Brazil,Mathematics
Chris Fisher,23,Other,France,Chemistry
Peter Robinson,26,Other,Canada,Literature
Christopher Jenkins,25,Other,Canada,Computer Science
Katie Thomas,27,Female,South Korea,Engineering
Howard Hill,19,Male,Brazil,Economics
James Patterson,28,Female,South Korea,Literature
Tracey Thomas,26,Other,India,Biology
Courtney Jacobs,30,Other,France,Physics
Bobby Harris,27,Other,UK,Chemistry
Cynthia Hernandez,21,Male,Japan,Literature
Thomas Williams,23,Other,France,Psychology
Melanie Miller,29,Female,Brazil,Chemistry
Kyle Chavez,28,Other,Australia,Economics
David Barnett,22,Other,USA,Engineering
Kristin King,19,Other,UK,Engineering
Gary Tyler,19,Male,Brazil,Biology
Shawn Horne,19,Female,Germany,Chemistry
Connor Howe,24,Male,Japan,Engineering
Mario Alvarez,29,Female,France,Computer Science
Adam Stevens,19,Other,Japan,Biology
Randy Woods,27,Female,USA,Mathematics
Kevin Lewis,27,Other,France,Literature
Kathryn Thompson,20,Female,Germany,History
Troy Burke,26,Other,Brazil,Literature
Robert Hobbs,27,Male,Brazil,Literature
Darrell Walker,26,Male,Japan,Biology
John Herrera,24,Female,South Korea,Economics
Bryan Noble,30,Male,France,Biology
Ryan Moran,22,Male,Canada,Computer Science
Destiny Harrell,25,Male,UK,Literature
Raven Bell,22,Male,USA,Economics
Thomas Jenkins,27,Female,Germany,Physics
Michael Bowen,24,Female,Germany,Literature
Keith Stokes,27,Other,USA,Computer Science
Jennifer Moore,18,Male,Japan,Economics
Joel Rivera,28,Male,South Korea,Literature
Dennis Castillo,27,Male,Germany,History
Julie Finley,20,Female,UK,Chemistry
Zachary Martin,19,Other,Australia,Engineering
Daniel Cox,30,Other,Brazil,Mathematics
Sabrina Rodriguez,20,Female,Brazil,Biology
Patrick Lee,18,Other,South Korea,Chemistry
Susan Mcdonald,25,Male,UK,Engineering
Tanya Miller,18,Other,Japan,Chemistry
Thomas Berry,22,Other,India,Literature
Amber Campbell,30,Other,South Korea,Engineering
Tyler Griffin,24,Female,South Korea,Economics
Bruce Copeland,24,Other,Japan,Computer Science
Jessica Norman,28,Male,Germany,Engineering
Desiree Hansen,30,Male,Australia,Economics
Angela Stewart,28,Male,Japan,Biology
Christopher Thompson,19,Female,UK,Economics
Matthew Greene,30,Other,USA,Computer Science
Marcus Wilcox,24,Male,France,Biology
Tamara Allen,26,Male,South Korea,Computer Science
Veronica Carroll,26,Female,Canada,Computer Science
Michael Johnston,20,Other,USA,Mathematics
Dennis Hatfield,28,Other,South Korea,Mathematics
Angela Alvarez,24,Other,South Korea,Physics
Jessica Joseph,27,Female,UK,Economics
Adam Wilson,19,Female,India,Psychology
Joyce Perez,20,Other,France,Engineering
Eric Johnson,25,Other,South Korea,Economics
Brianna Potts,26,Male,Canada,Literature
Mary Fisher,24,Female,UK,Computer Science
Cheryl Garcia,25,Male,India,Computer Science
Jennifer Short,24,Male,Brazil,Economics
Brenda Santiago,19,Male,Germany,Mathematics
Matthew Nguyen,19,Male,France,Literature
David Hall,25,Male,USA,Computer Science
Nancy Pineda,19,Male,India,Chemistry
Christian Jones,21,Male,Japan,Mathematics
Sandra Miller,23,Female,Canada,Engineering
Mr. John Lin,20,Other,France,Psychology
Thomas Branch,24,Female,Japan,Engineering
Adam Mcintyre,21,Male,Australia,History
Justin Perkins,28,Male,Canada,Physics
Stephanie Butler,21,Male,India,Literature
Dr. John Williams,24,Other,South Korea,Computer Science
Anna Mendoza,27,Other,France,Chemistry
Margaret Davila,28,Other,USA,Psychology
Roy Matthews,23,Other,Germany,Physics
Chad Glover,21,Other,UK,Economics
Jeffrey Proctor,20,Other,Canada,Economics
Julie Brown,30,Female,Germany,Computer Science
Heather Orr,23,Female,South Korea,Literature
Nicole Ward MD,21,Female,Germany,Economics
Angela Miller,19,Female,Japan,History
Casey Gonzalez,24,Male,Japan,Physics
Chad Booker,20,Female,Brazil,Computer Science
Zachary Allen,30,Other,France,Psychology
Jordan Wagner,23,Other,France,Mathematics
Deborah Stewart,24,Female,UK,Engineering
Heather Davila,20,Female,USA,Chemistry
Cody Combs,21,Other,South Korea,Mathematics
Ryan Gibson,30,Female,Japan,Chemistry
Kathryn Brown,30,Female,Brazil,Literature
Megan Carey,30,Female,Germany,Computer Science
Christina Brown,24,Other,France,Biology
Beth Smith,22,Other,Australia,Literature
Deborah Castro,29,Male,Germany,Biology
Robert Garcia,22,Other,Australia,Psychology
Gary Wells,23,Other,Japan,Psychology
Robert Roberts,19,Male,South Korea,Literature
Courtney Hughes,20,Other,Japan,Mathematics
Duane Herrera,23,Female,Brazil,Psychology
Desiree Knox,19,Female,India,Mathematics
Lisa Williams,28,Other,Japan,Computer Science
Manuel Rivera,21,Female,UK,Mathematics
Jonathan Wilson,20,Male,Australia,History
Shannon Fisher,25,Male,UK,Chemistry
Melissa Keller,25,Other,Brazil,Economics
Amanda Rollins,22,Male,Brazil,Psychology
Tina Stark,27,Female,Germany,Biology
Jeffrey Taylor,19,Other,Canada,Psychology
William Stark,29,Male,Japan,Physics
Dale Yoder,24,Female,Canada,Engineering
Gregory Mitchell PhD,22,Female,USA,Psychology
Brianna James,21,Other,Japan,History
James Morales,26,Male,India,Biology
Kyle Brown,21,Other,South Korea,Physics
Miguel Dodson,18,Male,India,Literature
Wendy Aguilar,20,Female,USA,History
Lindsey Krause,22,Other,Germany,Biology
Benjamin Carlson,18,Male,India,Chemistry
Matthew Cole MD,30,Male,Japan,Computer Science
Michaela Scott,19,Male,Brazil,Economics
Kristin Anderson,20,Male,France,Computer Science
Peter Knight,18,Female,Brazil,Chemistry
Jared Williamson,21,Male,France,Mathematics
Michael Reynolds,23,Male,UK,Engineering
Jessica Jacobs,27,Male,Brazil,Physics
Elizabeth Patterson,25,Other,Japan,Biology
Brandon Johnson,18,Male,Japan,Economics
Miguel Vang,26,Male,South Korea,Economics
Michael Rivera,19,Male,Brazil,Chemistry
David Williamson,24,Other,Japan,Psychology
Scott Smith,18,Other,India,Computer Science
Jillian Hall,22,Male,Japan,Economics
Keith Valdez,22,Other,Canada,History
Ashley Johnson,24,Female,UK,Economics
Daniel Taylor,29,Other,Canada,Literature
Crystal Williams,30,Male,Australia,Economics
Alyssa Horton,22,Other,USA,History
Kara Perkins,20,Female,India,Biology
Jason Lamb,22,Male,Germany,Computer Science
William Snyder,22,Other,Canada,Biology
Rebecca Vasquez,23,Female,Canada,History
Sandra Bartlett,30,Female,India,Computer Science
Julia Cervantes,18,Male,USA,Computer Science
Dr. Jennifer Sanford,30,Female,Canada,Chemistry
Samuel Owens,23,Male,India,Computer Science
Donna Mathews,25,Female,South Korea,History
Lori Gay,18,Female,Japan,Chemistry
John Miller,28,Other,France,Psychology
Bradley Fowler,26,Male,France,Literature
Joshua Adkins,20,Female,France,Economics
Ann Roberts,21,Female,UK,Computer Science
Gregory Anderson,22,Other,Canada,Literature
Joseph Kennedy,20,Male,South Korea,Economics
Derek Hale,23,Female,France,Mathematics
Amanda Estrada,18,Female,Canada,Physics
Jeffery Cox,18,Male,Canada,Physics
Felicia Smith,19,Other,USA,Biology
Bill Roman,25,Other,Brazil,Economics
Joshua Humphrey,30,Male,Brazil,Literature
Marc Beck,28,Other,UK,Engineering
Kimberly Chavez,26,Male,Australia,Economics
William Diaz,21,Other,UK,Biology
Nicholas Morris,22,Female,UK,History
Michael Cook,26,Female,USA,Literature
Melissa Mcdonald,23,Male,Japan,History
Nicholas Peters,22,Other,Brazil,Physics
Hunter Walters,28,Male,Canada,Chemistry
Jacqueline Merritt,18,Other,USA,Biology
Gerald Johnson,28,Other,Germany,History
Rachel Browning,18,Other,South Korea,Physics
Melissa Fox,19,Female,Brazil,Computer Science
Robert Gordon,20,Female,Canada,Biology
Christina Gilbert,18,Male,Brazil,Physics
Christian Morris,20,Male,USA,Psychology
David Smith,19,Other,Germany,Computer Science
Caitlin Walters,24,Female,Japan,Mathematics
Lisa Berry,19,Female,South Korea,Physics
Allen Martin,20,Other,South Korea,Physics
Wesley Bradshaw,23,Other,USA,Biology
Michelle Phillips,24,Male,South Korea,Engineering
Leslie Powers,18,Female,Germany,Physics
Kristen Jensen,23,Male,Germany,Engineering
April Lucas,18,Male,India,Physics
Matthew Monroe,25,Other,UK,Physics
John Espinoza,18,Female,Germany,Mathematics
Veronica Martinez,22,Male,UK,History
Michelle Johnson,22,Other,Brazil,Engineering
Steven Kaiser,29,Female,South Korea,Biology
Kurt Johnson,27,Male,Canada,Physics
Kristen Cummings,18,Other,Japan,Literature
Calvin Parker,28,Male,South Korea,History
Julia Hunt,20,Female,USA,Mathematics
Pamela Nolan,20,Male,India,Biology
Vincent Harrington,21,Female,Canada,History
Shelly Quinn,27,Other,USA,Biology
Debra Lloyd,21,Male,UK,Economics
Lisa Short,27,Other,Japan,Mathematics
Steven Bond,23,Other,South Korea,Engineering
Christopher Porter,18,Other,France,History
Jennifer Holt,21,Female,Japan,Physics
Joanne Roth,23,Female,Australia,Economics
Randy Phillips,27,Other,USA,Economics
Kevin Harvey,26,Female,Brazil,Physics
Evelyn Henderson,21,Male,South Korea,Engineering
Jerry Jones,27,Other,Japan,Literature
Michael Watson,28,Other,USA,Biology
Alex Miles,22,Female,Australia,Psychology
Michele Valdez,24,Female,Brazil,Mathematics
Vincent Martinez,22,Other,Australia,Physics
Sara Berry,24,Male,Australia,Psychology
Timothy Sanchez,22,Other,Japan,Mathematics
Lance Gonzalez,29,Female,Australia,Physics
Frank Garza,26,Other,South Korea,History
Michael Buchanan,20,Female,Brazil,Computer Science
Scott Robbins,30,Male,Australia,Physics
Anne Yu,25,Female,Germany,Mathematics
Lance Pollard,26,Female,UK,Chemistry
Jessica Khan,25,Other,USA,Chemistry
Shane Zhang,23,Other,France,Mathematics
Katie Adams,21,Male,France,Engineering
Erica Parker,21,Male,USA,Biology
Paul Chapman,23,Male,India,Chemistry
Taylor Martin,24,Male,France,Economics
Mr. Tyler Oneal Jr.,18,Male,France,History
Alexandra Rios,25,Male,India,Computer Science
Brenda Kirby,27,Female,India,Literature
Julie Taylor,23,Other,Germany,Economics
James Serrano,25,Male,Brazil,Computer Science
John Peck,28,Male,France,Mathematics
Ryan Stewart,28,Other,USA,History
Anna Martinez,30,Other,South Korea,Computer Science
Scott Blair,28,Male,India,Economics
Joseph Barker,20,Other,South Korea,Computer Science
Clinton Porter,30,Other,Canada,Chemistry
Kimberly Casey,27,Other,Germany,Mathematics
Manuel Mclaughlin,23,Other,USA,Mathematics
Diana Chavez,25,Female,India,Psychology
Danielle Schmitt,27,Male,India,Physics
Michael Mckinney,25,Female,UK,Physics
Troy Smith,26,Female,USA,Economics
Christopher Bowers,28,Male,Brazil,History
Charles Mcintyre,30,Other,Canada,Economics
James Gomez,21,Other,Australia,Physics
Wendy Pittman,27,Female,South Korea,Biology
Paula Garcia,25,Female,USA,Literature
Shannon Ray,25,Female,Australia,Computer Science
Andrea Williams,18,Other,Australia,Psychology
Mary Dougherty,25,Male,USA,Chemistry
Laura Cole,21,Other,South Korea,Psychology
James Short,24,Male,India,Computer Science
Douglas Briggs,24,Female,Canada,Chemistry
Luis Gaines,27,Female,Canada,Psychology
Katherine Curtis,21,Female,Australia,Engineering
Matthew Stephenson,28,Other,Japan,Computer Science
Carrie Yates,24,Female,USA,Mathematics
Kelly Walker,22,Male,Australia,Biology
Cody Green MD,24,Female,India,Biology
Barbara Adams,22,Female,India,Mathematics
Mark Russell,24,Female,South Korea,Computer Science
Mary Ramirez,26,Female,India,Psychology
Michael Hill,28,Female,Australia,Biology
Ricardo Nash,23,Female,South Korea,Engineering
Melissa Evans,19,Female,Brazil,History
Rebecca Mcintyre,28,Male,USA,Computer Science
Xavier Smith,23,Male,France,Biology
David Parker,21,Female,India,Physics
Rachel Knight,19,Other,Canada,Computer Science
Brianna Lyons,22,Other,USA,Physics
Justin Kline,24,Other,Australia,Economics
Nathaniel Wagner,28,Male,Brazil,Engineering
Laura Bradshaw,27,Male,France,Mathematics
Anthony Mckay,22,Other,France,Mathematics
Brandon Gill,28,Male,Germany,Computer Science
Kerry Gray,27,Female,Japan,Chemistry
Michael Donovan,18,Other,UK,Engineering
Aaron Goodwin,24,Female,Japan,Economics
Felicia Smith,30,Male,South Korea,Economics
Abigail Ashley,28,Female,France,Biology
Ernest Gonzalez,27,Male,South Korea,Engineering
Michael Mitchell,30,Female,Brazil,Mathematics
Natalie Baker,30,Male,Australia,Mathematics
Jennifer Melton,20,Female,USA,Psychology
Deborah Simmons,24,Female,France,Literature
Mary Lewis,20,Other,Germany,Chemistry
Tami White,22,Other,Germany,Mathematics
Ashley Juarez,29,Other,Germany,Mathematics
William Pennington,29,Other,Australia,Economics
Nina Miller,22,Other,Brazil,Mathematics
Dr. Marcus Brooks,21,Other,USA,Chemistry
Brittany Diaz,19,Male,Canada,Computer Science
Carmen Serrano,26,Other,France,Physics
John Long,29,Other,Australia,Literature
Samantha Harrison,22,Other,Australia,Computer Science
Lisa Ryan,27,Female,USA,Biology
Kathryn Jenkins,28,Other,France,Computer Science
Kyle Mooney,27,Other,South Korea,Literature
Alexis Jefferson,19,Female,South Korea,Biology
Jerry Silva,18,Other,Germany,Physics
Stephen Miranda,23,Male,Australia,Psychology
Jonathan Rogers,22,Other,Japan,Psychology
Ashley Vasquez,28,Male,UK,Mathematics
John Mitchell,19,Other,India,Engineering
Katelyn Hill,27,Female,Japan,Biology
Dana Brooks,29,Male,USA,Chemistry
Victoria Burke,18,Other,Japan,Literature
Joel Little,20,Other,South Korea,Mathematics
Alan Wood,19,Other,Australia,History
Alex Horn,18,Other,UK,Psychology
Sheri Allen,28,Other,Canada,Psychology
Crystal Thompson,30,Female,Brazil,Engineering
Lindsay Strong,26,Other,Germany,Psychology
Robin Robertson,25,Male,Brazil,Psychology
Jasmine Stephens,28,Female,South Korea,Mathematics
Steven Brown,22,Male,Germany,History
Jennifer Melendez,21,Female,France,Mathematics
Nancy Francis,18,Male,UK,Mathematics
Gina Stephens,26,Other,Australia,Chemistry
Yolanda Rasmussen,29,Female,France,Physics
Douglas Rivera,20,Other,South Korea,Computer Science
Todd Miller,23,Male,India,Psychology
Jessica Tanner,27,Female,Brazil,Mathematics
Mr. Brent Ware,18,Other,France,Chemistry
Matthew Sandoval,29,Other,USA,Literature
Steven Navarro,18,Other,Canada,Economics
Steven Saunders,22,Other,USA,Chemistry
Miss Sarah Becker,19,Female,Australia,Economics
Hailey Brewer,25,Other,Australia,Chemistry
Ryan Middleton,29,Male,Australia,Psychology
Marissa Allen,23,Female,USA,Psychology
David Hunter,21,Male,India,Economics
Terry Juarez,27,Other,France,Biology
Connor Johnson,26,Other,Canada,Computer Science
Jerry Rodriguez,28,Male,USA,Economics
Teresa Henderson,28,Male,Australia,Economics
Wanda Gutierrez,28,Other,Canada,Engineering
Amy Thompson,18,Male,USA,Engineering
Jessica Carter,25,Male,Japan,Mathematics
Matthew George,21,Female,Canada,History
Stephanie Castro,23,Female,UK,Chemistry
Mandy Morgan,30,Male,USA,Computer Science
William Walker,30,Other,Canada,Mathematics
Robert Jacobs,27,Female,Germany,Economics
Sandra Weaver,18,Male,Brazil,Engineering
Sarah Young,28,Female,Brazil,Engineering
Mark Edwards,27,Female,India,Computer Science
Jeremy Chase,20,Male,Japan,Psychology
James Galvan,29,Male,India,History
Holly Cummings,18,Male,South Korea,Biology
Katrina Robinson,24,Male,India,Mathematics
Joseph King,26,Male,USA,Economics
Hector Bass,23,Other,USA,Economics
Jennifer Smith,28,Female,Japan,Biology
Brandi Alexander,23,Male,UK,Biology
Janet Robinson,18,Other,Australia,Mathematics
Jasmine Butler,20,Other,Japan,Biology
Adam Rocha,22,Male,Japan,Chemistry
Kimberly Lindsey,22,Female,Brazil,History
Kevin Brown,25,Male,South Korea,Economics
Craig Gonzales,20,Female,South Korea,Psychology
Melissa Gonzalez,30,Female,France,Psychology
Rebecca Taylor,23,Female,Germany,History
Joanne Gray MD,27,Female,Canada,Economics
Theresa Butler,22,Male,Canada,Engineering
Dr. Michael Cummings,27,Male,Japan,Chemistry
Natalie Barajas,30,Female,Japan,Computer Science
Emily Rocha,22,Female,Brazil,Literature
Marisa Gomez,27,Female,Japan,History
Alexandria Contreras,23,Male,Canada,Computer Science
Laura Jones,27,Male,UK,History
Gabriela Horton,24,Male,India,Mathematics
Elizabeth Hall,26,Female,Germany,Literature
Donald Zamora,21,Male,India,Engineering
Scott Sanchez,23,Female,Canada,History
Megan Sanders,19,Other,India,Physics
Theresa Tucker,27,Other,UK,Literature
Lori Case,30,Female,South Korea,Computer Science
Brooke Hill,20,Male,Brazil,Chemistry
Kayla Munoz,27,Female,USA,Computer Science
Elizabeth Phillips,25,Other,Japan,Computer Science
Sara Villa,30,Other,USA,Computer Science
Daniel Steele,25,Female,South Korea,Biology
Christina Snyder,30,Other,UK,Literature
Jenny Charles,18,Other,South Korea,Chemistry
Travis Kim,21,Male,South Korea,Chemistry
Eric Brady,18,Other,South Korea,Mathematics
Steve Carey,19,Male,India,Economics
Laura Williams,28,Other,UK,Literature
Mallory Simmons MD,26,Female,UK,Biology
Barbara Singh,28,Other,South Korea,Biology
Ellen Rojas,22,Male,France,History
Amy Torres,23,Male,Brazil,Literature
Peter Baxter,25,Male,Brazil,Economics
Patrick Lewis,27,Other,USA,Mathematics
Brian Ortega,25,Other,UK,Biology
Traci Mejia,27,Male,India,Literature
April Perry,30,Other,USA,History
Darius Miller,26,Male,Australia,Psychology
Ashley Cook,19,Other,South Korea,Chemistry
John Townsend,19,Male,Japan,Psychology
Martin Williams,27,Male,Brazil,Engineering
Henry Pace,21,Male,Brazil,Computer Science
Oscar Carlson,20,Other,USA,Computer Science
Joseph Collins,30,Female,USA,Engineering
Melissa Butler,27,Male,Canada,Economics
Taylor Martin MD,26,Male,USA,Mathematics
April Ruiz,24,Female,Brazil,History
John Stuart,26,Female,Canada,Economics
Lisa Wade,18,Male,India,Psychology
Marilyn Burton,29,Other,South Korea,Engineering
Sean Gross,22,Male,France,Biology
Sandra Gentry,28,Male,India,History
Brian Haley,18,Female,India,Mathematics
Tim Hamilton,27,Other,Canada,Literature
Sean Curtis,18,Male,Brazil,Mathematics
Marcus Mejia,23,Male,France,Psychology
Rachael Williams,19,Other,France,Psychology
Troy Schultz,27,Female,South Korea,Literature
John Collins,29,Other,Brazil,Physics
Raymond Howard,26,Female,Japan,Biology
Austin Taylor,29,Other,Canada,Chemistry
Melanie Stewart,21,Other,Brazil,History
Karen Robertson,26,Other,Japan,Engineering
Robert Carter,28,Male,Australia,Psychology
Erica Reyes,25,Male,Germany,Physics
Jordan Holt,18,Male,Brazil,Biology
Christine Oconnor,19,Female,Japan,Mathematics
Connor Stafford,27,Other,USA,Engineering
Erika Smith,18,Female,Australia,Mathematics
Taylor Burns,29,Female,USA,Literature
Carrie Campbell,20,Male,Canada,Physics
Jack Sutton,26,Male,UK,Economics
Cameron Wolfe,27,Other,Japan,Biology
Dana Blackwell,21,Female,Brazil,History
Amy Dean,23,Other,USA,Mathematics
Patricia Flores MD,27,Other,USA,Physics
Raymond Brown,29,Male,Canada,Mathematics
Christopher Hardin,19,Other,Brazil,Engineering
Sara Young,18,Female,France,Computer Science
Tiffany Odom,24,Male,Canada,Literature
Alexandra Riley,28,Other,Germany,Mathematics
Ryan Kennedy,23,Female,UK,Economics
Jennifer Taylor,24,Male,Canada,Engineering
Ronald Myers,28,Female,Germany,Physics
Elizabeth Foley DDS,22,Female,UK,Biology
Jonathan Lyons,29,Other,Japan,Physics
Kelly Smith,30,Other,UK,Mathematics
Kimberly Macias,23,Male,UK,Physics
Carlos Hayden,25,Male,Japan,Mathematics
Christine Aguilar,30,Other,Australia,History
Perry Best,29,Other,USA,History
Jonathan Cain,25,Male,UK,Physics
Mr. Timothy Perez,24,Male,France,Economics
Anthony Burch,20,Other,Australia,Psychology
Megan Bauer,27,Male,Brazil,Literature
Craig Thomas,30,Female,Australia,Biology
Sabrina Medina,28,Male,Japan,Literature
Jack Khan,29,Other,France,Engineering
Thomas Cruz,26,Other,UK,Literature
Cindy Brown,20,Male,USA,Mathematics
Joanna Foster,18,Female,South Korea,Mathematics
John Yang,19,Female,South Korea,Chemistry
Tammy Davis,20,Male,Japan,Mathematics
Wendy Lewis,26,Female,UK,Computer Science
Kelly Holland,30,Female,UK,History
Dean Ortiz,30,Other,UK,Psychology
Robert Browning,27,Female,India,Computer Science
Steven Dickson,25,Other,France,Chemistry
Danielle Ferrell,22,Female,UK,Psychology
Alexandra Middleton,19,Other,Canada,Mathematics
Robin Clements,22,Other,UK,Computer Science
Kenneth Hernandez,24,Female,India,Economics
Emily Johnson,18,Female,Australia,Economics
Cory Clay,19,Other,Brazil,Mathematics
Raymond Hudson,23,Other,Australia,Psychology
Ashley Evans,26,Male,Brazil,Economics
Brian Lee,26,Other,South Korea,Engineering
Julia Harris,28,Other,India,History
Michelle Reed,20,Female,Japan,Psychology
Tanya Dunn,25,Other,South Korea,Physics
Jennifer Ortiz,22,Other,South Korea,Psychology
Justin Yoder,20,Female,India,Mathematics
Elizabeth Lopez,18,Female,USA,Literature
Eric Brooks,22,Other,Canada,Computer Science
Tina Brown,20,Female,UK,Physics
Ms. Diane Davila,27,Other,Germany,Chemistry
Larry Alvarado,19,Other,India,Mathematics
Daniel Olson,30,Other,France,Economics
Taylor Butler,18,Other,India,Biology
David Torres,22,Female,Germany,Mathematics
Kristen Bauer MD,18,Other,Canada,Computer Science
James Pittman,23,Female,Germany,Mathematics
Valerie Campbell,26,Other,Germany,Computer Science
Kristin Carpenter,19,Other,Japan,Psychology
Michelle Dunn,20,Female,Germany,Engineering
Karen Dominguez,29,Other,UK,Economics
Wayne Walton,19,Male,South Korea,Physics
Nicole Flores,26,Male,Australia,Computer Science
Steven Johnson,21,Other,Canada,Computer Science
Alexander Grant,21,Female,Japan,Mathematics
Caleb Patrick,19,Other,France,Biology
David Harper,23,Male,France,Chemistry
Regina Bailey,23,Other,USA,History
Sarah Owens,27,Other,India,Physics
Jill Fox,30,Male,Canada,History
Robert Buck,27,Male,India,Computer Science
Michelle Gates,27,Female,Brazil,Psychology
Jordan Clements,23,Other,Canada,Biology
Lisa Richardson,23,Female,USA,Computer Science
Andrew Colon MD,29,Female,USA,Physics
Clarence Wyatt,23,Other,India,Economics
Tamara Morgan MD,20,Female,Brazil,Chemistry
Bobby Sanchez,30,Other,Brazil,Literature
James Potts,28,Female,India,Literature
Kim Reed,19,Female,Brazil,History
Daniel Fisher,24,Female,India,Literature
Patricia Allen,29,Male,Germany,Biology
James Ortiz,19,Other,South Korea,Psychology
Kyle Shah,20,Female,Japan,History
Raymond Hinton,19,Male,Australia,Economics
Rodney Phillips,20,Other,Japan,Engineering
Brooke Gonzalez,21,Other,USA,Physics
David Huerta,23,Female,Canada,Biology
Kristine Alvarado,27,Female,Canada,Economics
Stephen Brown,29,Other,India,Literature
Matthew Livingston,23,Other,France,History
Timothy Alexander,18,Male,Brazil,Biology
David Weaver,27,Other,USA,Psychology
Lonnie Gonzales,29,Female,South Korea,Literature
Daniel Bauer,22,Male,France,Economics
Gregory Flores,20,Other,South Korea,Psychology
Felicia Wallace,19,Male,UK,Psychology
Jamie Rocha,20,Female,UK,Chemistry
Jessica Mcpherson,29,Female,India,Psychology
Melissa Barrera,21,Other,Japan,Psychology
Jasmine Soto,24,Female,Brazil,Mathematics
Dana Gonzalez,18,Other,Japan,Physics
Ellen Stone DVM,29,Male,Canada,Computer Science
Stephen Espinoza,20,Male,Brazil,Mathematics
Dillon Smith,18,Other,Australia,History
Jeanette Jones,19,Male,USA,Physics
Holly Madden,21,Other,India,Chemistry
Bobby Ward,20,Female,Brazil,History
Marvin Murphy,26,Female,Australia,Mathematics
David Warren,28,Other,France,History
Tiffany Rivera,19,Other,Brazil,Chemistry
Maria Cabrera,25,Male,UK,Chemistry
Daniel Brown,27,Male,Germany,Biology
Shane Garcia,19,Female,UK,Psychology
Kevin Brewer,26,Other,USA,Physics
Susan Weber,29,Other,South Korea,Literature
Robert Pearson,30,Other,Germany,Psychology
Rachel Callahan,19,Other,USA,Literature
Eric Stewart,18,Other,Brazil,Literature
Dr. Joel Mendoza,27,Male,South Korea,Chemistry
Alan Black,22,Other,Japan,Biology
Zachary Oneal,23,Other,Germany,History
Christine Williams,19,Female,Germany,Economics
Jacob Ferguson,25,Male,France,History
Mark Taylor,18,Male,Australia,Psychology
Kristy Martin,22,Other,Australia,Chemistry
Michael Glenn,21,Other,Japan,Economics
Thomas Evans,27,Female,Canada,Literature
Jennifer Dixon PhD,18,Male,USA,Chemistry
Bradley Perez,20,Male,Canada,Physics
John Beck,27,Other,UK,Physics
George Duncan,26,Male,India,Economics
William Sharp,29,Male,Germany,Computer Science
Ashley Williams,28,Female,USA,Computer Science
Pamela Kidd,26,Other,Germany,History
Paul Long,24,Male,Australia,Mathematics
Mary Reed,24,Male,Brazil,History
Victoria Morrison,27,Male,Canada,Chemistry
Patrick Hartman,27,Female,India,Literature
Christine Parker,28,Other,South Korea,Chemistry
Christopher Smith,25,Female,South Korea,Computer Science
Thomas Holt,26,Male,Japan,Computer Science
Peter Moore,26,Other,USA,Chemistry
David Craig,23,Female,France,Biology
Teresa Jones,23,Female,India,Computer Science
Thomas Reyes,30,Other,India,Mathematics
Michael Wilson,27,Other,UK,Engineering
Taylor Davis,20,Other,Canada,Biology
John Robinson,28,Other,Japan,Literature
Dustin Lambert,30,Male,Australia,Psychology
Kristen Rodriguez,18,Male,Japan,Economics
Anna Evans,19,Male,India,Biology
Kenneth Barrett,25,Other,France,History
Dennis Foster,24,Other,Japan,Literature
Seth Mckinney,18,Male,South Korea,Biology
Cheryl Lee,29,Male,South Korea,Biology
Jason Luna,22,Male,UK,Computer Science
Keith Campos,30,Other,Germany,Chemistry
Martha Miranda,22,Female,USA,Biology
Todd Thomas,18,Other,Japan,Computer Science
Nicholas Waters,27,Female,Germany,Engineering
Kimberly Oliver,28,Male,UK,Literature
Sandra Peterson,27,Male,India,Mathematics
Robert Davis,29,Other,South Korea,Computer Science
John Shea,24,Male,USA,Chemistry
Douglas Martin,19,Male,France,Biology
Sheila Martinez,23,Female,USA,Engineering
Micheal Miller,24,Male,Australia,Engineering
Mike Montes,22,Other,South Korea,Psychology
Shannon Fox,23,Female,India,Chemistry
Allison Thomas,26,Other,Canada,Mathematics
Angela Rivers,20,Other,Brazil,History
Melissa Hansen,18,Other,Australia,Physics
Amber Flores,19,Female,France,Economics
Brett Williams,23,Other,France,Economics
Matthew Lamb,23,Other,UK,Psychology
Jose Williams,24,Male,Australia,Chemistry
Jessica Blankenship,24,Male,France,Literature
Carla George,22,Other,France,Chemistry
Sarah Ray,27,Male,Canada,Physics
Stacey Morgan,20,Female,USA,Engineering
Gregory Matthews,22,Male,Australia,Mathematics
Chloe Jones,20,Female,UK,Literature
Angela Cole,26,Male,Germany,Literature
Michael Vasquez,27,Female,France,Economics
Charles Hudson,28,Male,Australia,History
George Marshall,27,Female,USA,Literature
Michael Torres,19,Female,Canada,Economics
Jerome Hamilton,26,Male,Japan,History
Caitlin White,28,Other,France,Mathematics
Michael Watkins,24,Female,USA,Biology
Anthony Palmer MD,29,Female,Germany,Chemistry
John Davis,21,Female,Japan,Mathematics
Marie Sparks,24,Female,Brazil,Chemistry
Gordon James,20,Other,France,Biology
Nicole Ray,27,Female,South Korea,Psychology
Michael Rojas,22,Female,Canada,Biology
Amber Ware,27,Female,India,Computer Science
John Martin,20,Female,UK,Engineering
Amy Maynard,22,Other,USA,Literature
Morgan Rogers,25,Other,Germany,Chemistry
Aaron Coleman,23,Male,Canada,Mathematics
Joseph Mills,30,Male,USA,Economics
Raymond Miller,26,Female,Canada,Literature
Scott Walker,27,Other,South Korea,Physics
Victoria Banks,27,Other,Canada,History
James Rios,18,Male,Germany,Literature
Nicholas Hall,23,Male,South Korea,Economics
Nicole Ford,27,Male,USA,Mathematics
Ian Henderson Jr.,29,Female,India,Literature
Ellen Ramos,18,Male,South Korea,Mathematics
Kenneth Vasquez,27,Female,Canada,Physics
Lori Hernandez MD,19,Other,UK,Economics
Kellie Anderson,30,Male,UK,Psychology
David Brown,22,Other,Germany,Mathematics
Michael Young,18,Male,Japan,Engineering
Joseph Harvey,21,Female,USA,Psychology
Rebekah Taylor,26,Male,Japan,Physics
Todd Burns,24,Female,India,Biology
Kevin Perry,26,Other,Germany,History
Jonathan Osborne,29,Male,South Korea,Economics
Brittany Cooke,24,Male,Canada,Literature
Mr. Randall Davis MD,27,Female,USA,Mathematics
Ruth Chan MD,19,Male,Japan,Literature
Mary Mills,20,Other,Australia,Computer Science
Michael Jenkins,24,Other,Germany,Physics
Brian Campbell,26,Other,USA,Physics
Tamara Jimenez,24,Male,India,Engineering
Patrick Mcdaniel,22,Other,Germany,Physics
Rachel Gilbert,19,Other,Japan,Engineering
Daniel Moore,27,Male,USA,Computer Science
Veronica Stevenson,24,Other,Australia,Economics
Cynthia Brown,28,Female,France,Physics
Michael Goodwin,30,Other,UK,History
Jonathan Hernandez,21,Female,Canada,History
Tracy Murphy,27,Female,Brazil,History
Thomas Hebert,18,Female,USA,Computer Science
Ricky Shepard,20,Other,USA,Biology
Lisa Crawford,18,Male,Brazil,Computer Science
Patty Perry,18,Other,South Korea,Psychology
Shane Thomas,24,Female,UK,Engineering
Andrea White,18,Other,Brazil,Economics
Angel Mason,30,Male,France,Chemistry
Robert Allen,21,Male,Japan,Economics
Brian Bauer,27,Male,UK,History
Henry Li,22,Other,UK,Physics
Michael Patterson,23,Female,Germany,Literature
Brandon Armstrong,30,Other,Germany,Psychology
Jeremy Smith,28,Other,Canada,History
Jason Richardson,25,Other,India,Mathematics
Yolanda Lambert,24,Male,Germany,Physics
William Lopez DVM,22,Female,Australia,History
Scott Patel,18,Other,South Korea,History
Patricia Vaughn,22,Female,USA,Mathematics
Javier Miller,20,Male,UK,Psychology
Jessica Mitchell,29,Male,South Korea,History
Mary Lane,20,Female,UK,Chemistry
Rebecca Johnson,29,Male,Germany,Mathematics
Ashley Brock,29,Male,South Korea,Economics
